hero,region,division,pickrate,winrate,banrate
ana,americas,bronze,13.0,48.8,5.2
anran,americas,bronze,9.9,52.2,29.5
ashe,americas,bronze,8.9,49.4,0.6
baptiste,americas,bronze,4.8,45.5,0.1
bastion,americas,bronze,19.5,47.9,3.8
brigitte,americas,bronze,3.5,50.4,0.2
cassidy,americas,bronze,9.0,49.6,1.0
dmon,americas,bronze,12.0,55.4,17.5
domina,americas,bronze,5.5,48.9,6.0
doomfist,americas,bronze,2.9,54.3,13.6
dva,americas,bronze,10.8,44.7,3.3
echo,americas,bronze,4.6,46.8,0.7
emre,americas,bronze,7.5,47.1,0.2
freja,americas,bronze,7.3,48.7,1.7
genji,americas,bronze,6.9,53.2,3.3
hanzo,americas,bronze,7.6,49.7,0.7
hazard,americas,bronze,2.1,48.7,0.6
illari,americas,bronze,5.3,48.5,0.1
jetpack-cat,americas,bronze,6.6,52.1,44.4
junker-queen,americas,bronze,3.2,51.5,0.4
junkrat,americas,bronze,14.8,50.0,8.1
juno,americas,bronze,29.0,50.8,0.8
kiriko,americas,bronze,26.9,47.3,1.2
lifeweaver,americas,bronze,11.0,46.8,0.2
lucio,americas,bronze,7.6,50.1,0.5
mauga,americas,bronze,5.7,46.7,21.4
mei,americas,bronze,9.5,52.7,10.9
mercy,americas,bronze,22.6,47.0,7.2
mizuki,americas,bronze,16.0,52.7,1.2
moira,americas,bronze,36.2,51.3,13.7
orisa,americas,bronze,14.2,45.7,10.4
pharah,americas,bronze,5.6,50.1,9.1
ramattra,americas,bronze,11.3,50.6,9.8
reaper,americas,bronze,7.0,51.6,2.2
reinhardt,americas,bronze,10.1,54.3,6.1
roadhog,americas,bronze,4.9,46.1,9.1
shion,americas,bronze,11.3,48.5,1.6
sierra,americas,bronze,16.3,50.0,34.9
sigma,americas,bronze,10.2,49.2,5.1
sojourn,americas,bronze,11.7,44.4,0.3
soldier-76,americas,bronze,15.9,49.0,0.6
sombra,americas,bronze,2.3,51.1,74.0
symmetra,americas,bronze,3.3,51.6,4.4
torbjorn,americas,bronze,6.7,52.8,0.9
tracer,americas,bronze,3.8,50.4,8.2
vendetta,americas,bronze,4.1,52.6,5.3
venture,americas,bronze,2.4,52.2,0.5
widowmaker,americas,bronze,4.2,47.7,7.7
winston,americas,bronze,3.1,49.7,4.4
wrecking-ball,americas,bronze,2.0,51.4,10.1
wuyang,americas,bronze,6.4,49.6,0.1
zarya,americas,bronze,2.1,50.8,47.9
zenyatta,americas,bronze,11.0,52.6,1.2
ana,americas,silver,17.5,48.3,9.3
anran,americas,silver,9.2,52.0,33.5
ashe,americas,silver,9.5,50.4,0.9
baptiste,americas,silver,5.5,45.5,0.1
bastion,americas,silver,19.5,47.6,5.4
brigitte,americas,silver,3.7,49.7,0.1
cassidy,americas,silver,11.3,48.5,1.5
dmon,americas,silver,11.9,55.2,14.5
domina,americas,silver,5.0,49.4,6.1
doomfist,americas,silver,3.5,53.2,14.8
dva,americas,silver,7.1,44.6,2.2
echo,americas,silver,3.9,47.2,0.6
emre,americas,silver,7.1,47.4,0.2
freja,americas,silver,6.5,48.6,2.8
genji,americas,silver,7.4,52.8,3.4
hanzo,americas,silver,7.2,50.9,0.7
hazard,americas,silver,2.1,49.9,0.9
illari,americas,silver,5.2,48.3,0.1
jetpack-cat,americas,silver,7.1,52.8,37.1
junker-queen,americas,silver,3.3,51.4,0.4
junkrat,americas,silver,13.7,49.5,6.4
juno,americas,silver,24.5,51.1,0.5
kiriko,americas,silver,27.4,46.5,1.8
lifeweaver,americas,silver,11.5,48.3,0.3
lucio,americas,silver,6.6,49.7,0.5
mauga,americas,silver,6.0,48.0,24.3
mei,americas,silver,10.7,51.5,9.5
mercy,americas,silver,19.1,47.8,6.1
mizuki,americas,silver,17.0,51.8,2.1
moira,americas,silver,38.3,50.3,8.6
orisa,americas,silver,13.0,44.9,9.8
pharah,americas,silver,5.0,50.3,9.5
ramattra,americas,silver,11.7,49.7,12.0
reaper,americas,silver,9.3,51.2,2.1
reinhardt,americas,silver,12.1,53.5,3.8
roadhog,americas,silver,5.6,45.9,9.9
shion,americas,silver,9.7,48.7,1.4
sierra,americas,silver,14.7,49.8,34.4
sigma,americas,silver,10.2,48.7,4.2
sojourn,americas,silver,10.3,44.1,0.4
soldier-76,americas,silver,17.9,49.0,0.6
sombra,americas,silver,2.5,49.3,64.8
symmetra,americas,silver,3.5,49.8,4.6
torbjorn,americas,silver,6.9,52.5,0.9
tracer,americas,silver,4.0,50.9,5.3
vendetta,americas,silver,4.0,51.9,4.8
venture,americas,silver,2.6,51.6,0.5
widowmaker,americas,silver,3.5,48.2,4.6
winston,americas,silver,3.8,48.4,4.4
wrecking-ball,americas,silver,1.9,52.4,7.5
wuyang,americas,silver,5.3,50.5,0.1
zarya,americas,silver,2.9,49.9,60.5
zenyatta,americas,silver,11.2,53.1,1.3
ana,americas,gold,23.0,48.5,13.2
anran,americas,gold,8.3,51.6,34.3
ashe,americas,gold,11.1,51.0,1.6
baptiste,americas,gold,6.4,45.7,0.1
bastion,americas,gold,17.4,47.3,6.6
brigitte,americas,gold,3.7,49.3,0.1
cassidy,americas,gold,14.4,47.7,3.3
dmon,americas,gold,12.4,55.0,12.5
domina,americas,gold,4.4,48.7,5.7
doomfist,americas,gold,4.4,52.8,17.1
dva,americas,gold,5.6,44.9,2.1
echo,americas,gold,3.4,47.9,0.4
emre,americas,gold,7.1,47.3,0.2
freja,americas,gold,6.4,49.0,6.7
genji,americas,gold,8.5,53.7,4.2
hanzo,americas,gold,7.4,50.9,1.0
hazard,americas,gold,2.2,50.6,1.3
illari,americas,gold,4.7,48.6,0.1
jetpack-cat,americas,gold,7.3,53.5,33.7
junker-queen,americas,gold,3.7,52.0,0.4
junkrat,americas,gold,11.7,49.7,4.6
juno,americas,gold,22.4,51.5,0.3
kiriko,americas,gold,30.4,46.2,2.9
lifeweaver,americas,gold,11.8,48.0,0.4
lucio,americas,gold,5.4,50.2,0.5
mauga,americas,gold,5.8,48.3,27.5
mei,americas,gold,10.8,50.3,7.8
mercy,americas,gold,16.9,48.8,6.0
mizuki,americas,gold,16.1,51.1,3.8
moira,americas,gold,35.5,49.5,5.0
orisa,americas,gold,11.9,44.6,9.0
pharah,americas,gold,4.5,51.1,7.6
ramattra,americas,gold,10.8,48.5,11.8
reaper,americas,gold,10.4,50.1,1.9
reinhardt,americas,gold,12.6,53.0,2.4
roadhog,americas,gold,6.4,46.3,14.3
shion,americas,gold,8.9,49.2,1.4
sierra,americas,gold,13.2,49.4,29.4
sigma,americas,gold,9.9,48.6,3.7
sojourn,americas,gold,10.4,44.7,0.7
soldier-76,americas,gold,19.2,48.8,0.6
sombra,americas,gold,2.9,49.2,49.8
symmetra,americas,gold,3.5,49.0,4.5
torbjorn,americas,gold,6.1,51.6,0.8
tracer,americas,gold,4.5,51.0,4.6
vendetta,americas,gold,3.7,52.0,4.4
venture,americas,gold,2.6,51.5,0.6
widowmaker,americas,gold,3.5,50.9,4.2
winston,americas,gold,4.2,48.5,3.9
wrecking-ball,americas,gold,2.1,52.0,8.2
wuyang,americas,gold,5.1,50.9,0.1
zarya,americas,gold,3.7,49.1,61.3
zenyatta,americas,gold,11.4,53.5,2.0
ana,americas,platinum,29.4,49.2,13.7
anran,americas,platinum,7.3,51.6,31.1
ashe,americas,platinum,12.4,51.3,2.3
baptiste,americas,platinum,7.1,46.3,0.1
bastion,americas,platinum,14.2,46.7,7.2
brigitte,americas,platinum,4.0,49.2,0.1
cassidy,americas,platinum,18.5,46.8,6.6
dmon,americas,platinum,13.6,55.1,12.2
domina,americas,platinum,3.8,49.0,4.6
doomfist,americas,platinum,5.8,52.7,20.0
dva,americas,platinum,5.0,45.1,3.0
echo,americas,platinum,3.5,49.2,0.4
emre,americas,platinum,7.2,47.7,0.3
freja,americas,platinum,6.4,49.9,15.9
genji,americas,platinum,11.0,53.1,5.2
hanzo,americas,platinum,7.8,51.1,1.5
hazard,americas,platinum,2.6,50.4,2.6
illari,americas,platinum,4.1,48.6,0.1
jetpack-cat,americas,platinum,7.6,53.7,34.0
junker-queen,americas,platinum,4.0,52.1,0.4
junkrat,americas,platinum,9.2,50.2,3.2
juno,americas,platinum,21.4,51.7,0.3
kiriko,americas,platinum,33.5,45.7,4.5
lifeweaver,americas,platinum,11.4,48.0,0.5
lucio,americas,platinum,4.7,50.8,0.4
mauga,americas,platinum,5.3,48.5,30.7
mei,americas,platinum,9.7,49.7,5.7
mercy,americas,platinum,15.2,50.4,7.1
mizuki,americas,platinum,14.4,50.3,7.0
moira,americas,platinum,30.3,48.8,2.9
orisa,americas,platinum,10.2,44.2,8.0
pharah,americas,platinum,4.0,51.9,5.1
ramattra,americas,platinum,9.0,47.4,10.2
reaper,americas,platinum,10.4,49.6,1.8
reinhardt,americas,platinum,12.2,52.7,1.9
roadhog,americas,platinum,6.8,47.1,21.5
shion,americas,platinum,8.9,50.1,1.3
sierra,americas,platinum,11.2,48.8,20.4
sigma,americas,platinum,9.3,48.6,3.7
sojourn,americas,platinum,11.6,45.5,1.3
soldier-76,americas,platinum,19.1,49.0,0.5
sombra,americas,platinum,3.5,48.4,32.0
symmetra,americas,platinum,3.3,49.3,3.9
torbjorn,americas,platinum,5.0,51.6,0.6
tracer,americas,platinum,6.0,50.7,5.3
vendetta,americas,platinum,3.3,52.4,3.3
venture,americas,platinum,2.5,51.3,0.7
widowmaker,americas,platinum,3.9,51.8,5.5
winston,americas,platinum,5.0,48.2,3.7
wrecking-ball,americas,platinum,2.8,51.5,10.7
wuyang,americas,platinum,5.4,51.8,0.1
zarya,americas,platinum,4.6,47.9,51.3
zenyatta,americas,platinum,11.6,53.4,2.9
ana,americas,diamond,39.9,49.5,10.2
anran,americas,diamond,5.4,51.1,10.9
ashe,americas,diamond,11.1,51.5,1.5
baptiste,americas,diamond,6.9,46.6,0.1
bastion,americas,diamond,8.3,47.9,4.2
brigitte,americas,diamond,6.5,50.0,0.3
cassidy,americas,diamond,25.6,45.8,14.9
dmon,americas,diamond,15.5,54.2,15.9
domina,americas,diamond,2.4,50.1,1.2
doomfist,americas,diamond,10.0,51.2,17.1
dva,americas,diamond,5.1,44.5,8.1
echo,americas,diamond,4.4,50.9,0.4
emre,americas,diamond,6.9,48.0,0.2
freja,americas,diamond,6.2,50.5,48.7
genji,americas,diamond,16.3,51.8,3.4
hanzo,americas,diamond,6.5,50.1,1.1
hazard,americas,diamond,5.0,51.4,7.8
illari,americas,diamond,3.7,49.4,0.1
jetpack-cat,americas,diamond,9.0,55.1,48.9
junker-queen,americas,diamond,4.7,52.7,0.6
junkrat,americas,diamond,4.9,51.7,1.1
juno,americas,diamond,21.6,51.5,0.3
kiriko,americas,diamond,38.4,46.1,8.4
lifeweaver,americas,diamond,7.4,48.8,0.6
lucio,americas,diamond,5.8,50.6,0.3
mauga,americas,diamond,5.1,50.4,41.0
mei,americas,diamond,5.5,49.3,1.3
mercy,americas,diamond,13.8,50.3,9.7
mizuki,americas,diamond,11.7,49.0,15.8
moira,americas,diamond,16.2,48.1,0.9
orisa,americas,diamond,5.9,43.9,4.8
pharah,americas,diamond,4.0,52.8,2.9
ramattra,americas,diamond,5.0,45.8,4.3
reaper,americas,diamond,8.8,49.6,1.5
reinhardt,americas,diamond,8.7,50.6,1.5
roadhog,americas,diamond,6.5,47.3,27.2
shion,americas,diamond,12.2,51.0,0.8
sierra,americas,diamond,4.6,46.3,2.8
sigma,americas,diamond,7.6,49.7,4.9
sojourn,americas,diamond,17.2,46.0,2.5
soldier-76,americas,diamond,16.7,50.3,0.3
sombra,americas,diamond,4.0,47.5,5.0
symmetra,americas,diamond,2.2,51.5,1.2
torbjorn,americas,diamond,4.0,51.2,0.3
tracer,americas,diamond,14.6,51.5,10.7
vendetta,americas,diamond,2.9,52.0,1.0
venture,americas,diamond,2.3,52.3,0.4
widowmaker,americas,diamond,5.2,51.6,9.6
winston,americas,diamond,6.7,48.5,2.0
wrecking-ball,americas,diamond,5.3,49.2,10.8
wuyang,americas,diamond,7.8,52.3,0.1
zarya,americas,diamond,6.4,49.3,26.0
zenyatta,americas,diamond,11.1,52.9,3.9
ana,americas,master,37.3,49.2,9.8
anran,americas,master,3.9,49.5,2.8
ashe,americas,master,9.5,52.1,0.6
baptiste,americas,master,6.0,47.1,0.0
bastion,americas,master,6.2,47.7,2.4
brigitte,americas,master,8.6,50.2,0.4
cassidy,americas,master,26.3,46.4,17.7
dmon,americas,master,14.5,53.6,19.9
domina,americas,master,2.0,51.8,0.3
doomfist,americas,master,10.8,49.6,13.3
dva,americas,master,5.0,46.4,9.2
echo,americas,master,5.2,51.3,0.3
emre,americas,master,6.6,48.4,0.1
freja,americas,master,6.3,50.7,60.6
genji,americas,master,15.6,51.2,1.8
hanzo,americas,master,5.1,48.8,0.6
hazard,americas,master,6.3,52.1,8.6
illari,americas,master,4.1,50.8,0.1
jetpack-cat,americas,master,9.0,54.0,62.7
junker-queen,americas,master,4.8,53.7,0.4
junkrat,americas,master,3.6,52.3,0.5
juno,americas,master,20.8,51.0,0.2
kiriko,americas,master,46.0,47.8,11.1
lifeweaver,americas,master,6.1,48.6,0.3
lucio,americas,master,8.7,50.9,0.6
mauga,americas,master,5.5,49.8,45.0
mei,americas,master,4.4,48.6,0.7
mercy,americas,master,12.6,50.4,8.0
mizuki,americas,master,11.0,47.7,17.5
moira,americas,master,11.7,49.2,0.6
orisa,americas,master,6.3,46.8,4.3
pharah,americas,master,4.5,54.7,2.9
ramattra,americas,master,4.1,46.5,2.9
reaper,americas,master,9.6,50.7,1.9
reinhardt,americas,master,6.7,50.1,1.6
roadhog,americas,master,6.2,47.4,21.6
shion,americas,master,15.5,50.1,0.9
sierra,americas,master,1.9,42.5,0.4
sigma,americas,master,7.7,48.0,5.5
sojourn,americas,master,20.5,46.7,1.9
soldier-76,americas,master,14.5,51.1,0.5
sombra,americas,master,3.1,48.6,1.0
symmetra,americas,master,2.1,52.4,0.6
torbjorn,americas,master,4.1,49.6,0.2
tracer,americas,master,20.7,51.1,11.8
vendetta,americas,master,2.8,51.6,0.5
venture,americas,master,2.4,52.9,0.4
widowmaker,americas,master,5.8,50.2,9.0
winston,americas,master,7.1,49.5,1.0
wrecking-ball,americas,master,5.8,47.1,6.0
wuyang,americas,master,9.0,51.3,0.1
zarya,americas,master,7.2,50.8,22.1
zenyatta,americas,master,9.2,51.8,2.7
ana,americas,grandmaster,34.7,50.3,11.0
anran,americas,grandmaster,2.4,52.4,0.3
ashe,americas,grandmaster,7.3,52.8,0.2
baptiste,americas,grandmaster,4.8,48.4,0.1
bastion,americas,grandmaster,5.6,49.4,1.5
brigitte,americas,grandmaster,7.9,48.6,0.4
cassidy,americas,grandmaster,26.5,48.6,18.7
dmon,americas,grandmaster,15.9,53.6,23.0
domina,americas,grandmaster,2.4,49.8,0.2
doomfist,americas,grandmaster,9.9,50.6,12.4
dva,americas,grandmaster,5.1,45.7,9.0
echo,americas,grandmaster,4.6,52.9,0.2
emre,americas,grandmaster,5.1,48.7,0.1
freja,americas,grandmaster,7.9,50.8,59.1
genji,americas,grandmaster,10.5,48.1,0.4
hanzo,americas,grandmaster,3.8,46.3,0.4
hazard,americas,grandmaster,8.4,52.3,8.2
illari,americas,grandmaster,6.0,49.4,0.5
jetpack-cat,americas,grandmaster,9.2,54.3,77.2
junker-queen,americas,grandmaster,4.0,52.2,0.7
junkrat,americas,grandmaster,4.2,52.9,1.3
juno,americas,grandmaster,15.9,50.3,0.2
kiriko,americas,grandmaster,54.3,47.9,17.1
lifeweaver,americas,grandmaster,4.8,50.2,0.3
lucio,americas,grandmaster,15.4,50.9,1.9
mauga,americas,grandmaster,6.3,48.1,42.2
mei,americas,grandmaster,3.4,49.9,0.6
mercy,americas,grandmaster,9.1,49.3,3.4
mizuki,americas,grandmaster,11.5,47.4,14.5
moira,americas,grandmaster,10.3,49.8,0.4
orisa,americas,grandmaster,7.8,45.8,5.2
pharah,americas,grandmaster,5.1,52.1,2.7
ramattra,americas,grandmaster,4.7,48.8,3.1
reaper,americas,grandmaster,8.7,49.1,2.2
reinhardt,americas,grandmaster,4.9,48.5,1.6
roadhog,americas,grandmaster,5.2,49.9,18.2
shion,americas,grandmaster,19.3,49.9,0.9
sierra,americas,grandmaster,1.6,47.1,0.1
sigma,americas,grandmaster,8.0,48.6,4.6
sojourn,americas,grandmaster,23.8,47.9,1.4
soldier-76,americas,grandmaster,10.6,50.5,0.7
sombra,americas,grandmaster,1.5,47.0,0.2
symmetra,americas,grandmaster,2.4,52.5,0.2
torbjorn,americas,grandmaster,4.0,46.8,0.3
tracer,americas,grandmaster,29.9,51.5,11.1
vendetta,americas,grandmaster,2.8,50.0,0.3
venture,americas,grandmaster,1.6,49.7,0.2
widowmaker,americas,grandmaster,7.4,48.9,7.5
winston,americas,grandmaster,4.9,48.6,0.3
wrecking-ball,americas,grandmaster,5.2,47.9,3.6
wuyang,americas,grandmaster,9.0,50.8,0.1
zarya,americas,grandmaster,7.3,51.1,19.2
zenyatta,americas,grandmaster,7.2,51.4,1.1
ana,europe,bronze,13.0,48.8,3.9
anran,europe,bronze,8.6,53.0,24.5
ashe,europe,bronze,10.2,50.2,0.9
baptiste,europe,bronze,4.8,46.3,0.1
bastion,europe,bronze,18.6,49.5,4.9
brigitte,europe,bronze,2.6,50.8,0.2
cassidy,europe,bronze,9.4,50.8,0.7
dmon,europe,bronze,9.6,56.1,15.8
domina,europe,bronze,4.9,51.9,6.2
doomfist,europe,bronze,3.9,50.0,17.1
dva,europe,bronze,11.7,45.9,3.8
echo,europe,bronze,4.3,46.6,0.8
emre,europe,bronze,7.0,48.5,0.3
freja,europe,bronze,7.2,49.8,1.6
genji,europe,bronze,8.1,51.9,6.1
hanzo,europe,bronze,9.1,50.1,1.4
hazard,europe,bronze,1.7,50.6,0.7
illari,europe,bronze,5.8,47.3,0.1
jetpack-cat,europe,bronze,6.2,50.5,44.7
junker-queen,europe,bronze,2.9,51.7,0.3
junkrat,europe,bronze,14.6,50.7,8.8
juno,europe,bronze,25.6,50.6,0.7
kiriko,europe,bronze,29.0,48.2,0.8
lifeweaver,europe,bronze,11.0,47.9,0.2
lucio,europe,bronze,7.1,46.5,0.5
mauga,europe,bronze,6.0,46.9,26.3
mei,europe,bronze,7.4,53.3,6.1
mercy,europe,bronze,27.1,48.2,8.4
mizuki,europe,bronze,15.1,53.5,0.8
moira,europe,bronze,36.5,51.9,17.6
orisa,europe,bronze,14.9,46.8,14.5
pharah,europe,bronze,5.3,50.1,21.2
ramattra,europe,bronze,9.9,50.5,10.0
reaper,europe,bronze,7.1,52.1,2.2
reinhardt,europe,bronze,11.6,53.0,8.9
roadhog,europe,bronze,5.2,47.5,8.5
shion,europe,bronze,11.4,48.5,1.5
sierra,europe,bronze,17.9,49.9,26.6
sigma,europe,bronze,9.9,50.9,5.3
sojourn,europe,bronze,12.0,44.9,0.4
soldier-76,europe,bronze,16.1,48.6,0.8
sombra,europe,bronze,2.5,48.8,65.1
symmetra,europe,bronze,2.8,50.0,1.6
torbjorn,europe,bronze,6.0,49.0,0.6
tracer,europe,bronze,4.0,45.8,6.3
vendetta,europe,bronze,3.3,53.6,4.3
venture,europe,bronze,1.7,53.9,0.3
widowmaker,europe,bronze,5.5,46.4,18.6
winston,europe,bronze,2.9,48.0,3.3
wrecking-ball,europe,bronze,2.4,40.2,7.0
wuyang,europe,bronze,5.5,47.8,0.2
zarya,europe,bronze,2.4,52.1,43.6
zenyatta,europe,bronze,10.5,52.7,0.8
ana,europe,silver,18.4,48.4,8.0
anran,europe,silver,8.5,51.3,29.6
ashe,europe,silver,11.0,50.7,1.1
baptiste,europe,silver,5.3,46.3,0.1
bastion,europe,silver,19.1,48.3,7.1
brigitte,europe,silver,3.1,50.2,0.1
cassidy,europe,silver,11.6,48.6,1.2
dmon,europe,silver,9.9,54.4,13.0
domina,europe,silver,4.9,49.8,5.6
doomfist,europe,silver,4.1,52.6,18.5
dva,europe,silver,7.5,44.4,2.7
echo,europe,silver,3.5,47.9,0.6
emre,europe,silver,6.8,47.5,0.2
freja,europe,silver,6.5,48.7,2.5
genji,europe,silver,7.8,52.6,6.8
hanzo,europe,silver,8.5,50.0,1.2
hazard,europe,silver,1.9,51.2,1.1
illari,europe,silver,5.7,48.5,0.1
jetpack-cat,europe,silver,6.9,52.7,38.1
junker-queen,europe,silver,3.0,51.4,0.3
junkrat,europe,silver,14.0,49.3,7.1
juno,europe,silver,20.8,50.8,0.4
kiriko,europe,silver,29.4,47.0,1.3
lifeweaver,europe,silver,11.7,48.4,0.3
lucio,europe,silver,6.3,50.2,0.6
mauga,europe,silver,6.1,49.3,30.2
mei,europe,silver,8.9,51.9,6.7
mercy,europe,silver,23.3,47.4,8.3
mizuki,europe,silver,15.8,51.8,1.3
moira,europe,silver,37.6,51.0,13.2
orisa,europe,silver,13.4,45.6,13.6
pharah,europe,silver,5.0,51.3,21.2
ramattra,europe,silver,10.7,49.7,11.1
reaper,europe,silver,9.1,51.2,2.1
reinhardt,europe,silver,13.5,53.2,5.1
roadhog,europe,silver,6.2,45.8,8.4
shion,europe,silver,9.9,48.8,1.3
sierra,europe,silver,16.2,49.6,27.5
sigma,europe,silver,10.3,49.2,4.7
sojourn,europe,silver,10.3,44.5,0.4
soldier-76,europe,silver,18.1,49.1,0.8
sombra,europe,silver,2.7,48.8,56.1
symmetra,europe,silver,3.0,50.3,2.1
torbjorn,europe,silver,6.0,52.1,0.7
tracer,europe,silver,3.7,50.2,4.4
vendetta,europe,silver,3.6,51.8,4.2
venture,europe,silver,2.0,52.1,0.3
widowmaker,europe,silver,4.5,48.3,10.3
winston,europe,silver,3.2,48.8,3.2
wrecking-ball,europe,silver,2.0,50.1,6.8
wuyang,europe,silver,5.2,50.2,0.1
zarya,europe,silver,3.2,50.3,56.6
zenyatta,europe,silver,10.6,52.9,1.0
ana,europe,gold,24.4,48.6,12.7
anran,europe,gold,7.8,51.4,31.4
ashe,europe,gold,12.9,51.1,1.8
baptiste,europe,gold,6.2,46.4,0.1
bastion,europe,gold,17.1,47.6,8.5
brigitte,europe,gold,3.2,49.7,0.1
cassidy,europe,gold,14.4,48.2,2.6
dmon,europe,gold,10.2,54.4,11.6
domina,europe,gold,4.3,48.8,5.2
doomfist,europe,gold,4.8,53.1,21.6
dva,europe,gold,5.7,45.2,3.3
echo,europe,gold,3.4,48.2,0.5
emre,europe,gold,6.7,47.4,0.2
freja,europe,gold,6.4,48.8,6.0
genji,europe,gold,9.1,53.3,7.8
hanzo,europe,gold,8.8,50.4,1.8
hazard,europe,gold,2.2,50.8,1.9
illari,europe,gold,5.2,48.9,0.1
jetpack-cat,europe,gold,7.4,53.4,35.0
junker-queen,europe,gold,3.4,52.0,0.3
junkrat,europe,gold,11.6,49.5,4.8
juno,europe,gold,18.8,51.1,0.3
kiriko,europe,gold,31.4,46.5,2.6
lifeweaver,europe,gold,12.7,48.2,0.4
lucio,europe,gold,5.2,50.5,0.6
mauga,europe,gold,6.0,49.5,31.2
mei,europe,gold,9.3,50.6,6.2
mercy,europe,gold,19.7,48.6,9.2
mizuki,europe,gold,14.9,51.0,2.3
moira,europe,gold,35.0,49.8,8.0
orisa,europe,gold,12.4,45.0,12.3
pharah,europe,gold,4.6,51.8,16.2
ramattra,europe,gold,10.1,48.3,10.3
reaper,europe,gold,9.8,50.2,2.0
reinhardt,europe,gold,13.6,53.2,3.1
roadhog,europe,gold,7.0,46.4,10.9
shion,europe,gold,8.7,48.8,1.1
sierra,europe,gold,14.2,49.2,24.4
sigma,europe,gold,10.1,49.1,4.1
sojourn,europe,gold,10.2,45.1,0.6
soldier-76,europe,gold,19.2,49.0,0.9
sombra,europe,gold,3.1,48.4,43.9
symmetra,europe,gold,3.1,49.1,2.3
torbjorn,europe,gold,5.5,51.8,0.6
tracer,europe,gold,4.1,50.3,3.4
vendetta,europe,gold,3.4,52.0,4.0
venture,europe,gold,2.1,51.5,0.4
widowmaker,europe,gold,4.5,50.2,8.3
winston,europe,gold,3.8,48.7,3.5
wrecking-ball,europe,gold,2.3,51.0,8.4
wuyang,europe,gold,5.0,51.1,0.1
zarya,europe,gold,3.9,48.6,58.2
zenyatta,europe,gold,10.8,53.2,1.7
ana,europe,platinum,31.3,49.1,14.1
anran,europe,platinum,7.0,51.6,28.2
ashe,europe,platinum,14.0,51.4,2.2
baptiste,europe,platinum,7.0,46.9,0.1
bastion,europe,platinum,14.3,47.1,8.5
brigitte,europe,platinum,3.3,49.4,0.1
cassidy,europe,platinum,18.4,46.8,5.9
dmon,europe,platinum,11.1,54.6,11.3
domina,europe,platinum,3.8,48.9,4.2
doomfist,europe,platinum,5.9,52.7,24.7
dva,europe,platinum,5.4,45.9,5.6
echo,europe,platinum,3.4,49.2,0.5
emre,europe,platinum,6.9,47.6,0.3
freja,europe,platinum,6.9,49.5,15.5
genji,europe,platinum,11.7,53.1,8.6
hanzo,europe,platinum,9.1,50.4,2.7
hazard,europe,platinum,2.8,51.3,3.6
illari,europe,platinum,4.7,49.0,0.1
jetpack-cat,europe,platinum,7.9,53.9,35.7
junker-queen,europe,platinum,3.8,52.1,0.3
junkrat,europe,platinum,9.0,50.1,3.2
juno,europe,platinum,18.1,51.3,0.2
kiriko,europe,platinum,33.8,46.1,4.3
lifeweaver,europe,platinum,12.5,48.2,0.6
lucio,europe,platinum,4.5,50.9,0.5
mauga,europe,platinum,5.6,48.9,31.9
mei,europe,platinum,8.8,49.9,4.7
mercy,europe,platinum,17.5,49.6,11.6
mizuki,europe,platinum,13.0,50.5,4.5
moira,europe,platinum,29.8,49.0,4.6
orisa,europe,platinum,10.8,44.6,11.0
pharah,europe,platinum,4.2,52.3,12.0
ramattra,europe,platinum,8.3,47.1,8.7
reaper,europe,platinum,9.4,49.5,1.6
reinhardt,europe,platinum,13.0,52.4,2.2
roadhog,europe,platinum,7.5,47.0,15.5
shion,europe,platinum,8.1,49.4,1.0
sierra,europe,platinum,11.7,48.9,16.9
sigma,europe,platinum,9.7,49.0,4.3
sojourn,europe,platinum,11.6,45.9,1.1
soldier-76,europe,platinum,18.8,48.9,0.6
sombra,europe,platinum,3.7,48.2,27.6
symmetra,europe,platinum,2.9,49.5,2.2
torbjorn,europe,platinum,4.7,51.6,0.5
tracer,europe,platinum,5.3,51.0,3.8
vendetta,europe,platinum,3.1,51.9,3.1
venture,europe,platinum,2.1,51.7,0.5
widowmaker,europe,platinum,5.0,51.3,9.4
winston,europe,platinum,4.5,49.2,3.7
wrecking-ball,europe,platinum,3.0,51.5,13.0
wuyang,europe,platinum,5.3,51.3,0.1
zarya,europe,platinum,4.8,47.9,48.7
zenyatta,europe,platinum,11.3,53.3,2.7
ana,europe,diamond,43.3,49.8,9.8
anran,europe,diamond,4.9,51.1,7.6
ashe,europe,diamond,12.0,51.1,1.2
baptiste,europe,diamond,7.2,47.1,0.1
bastion,europe,diamond,9.4,47.9,5.5
brigitte,europe,diamond,5.7,50.5,0.3
cassidy,europe,diamond,25.5,45.7,15.3
dmon,europe,diamond,13.1,53.6,15.8
domina,europe,diamond,2.4,50.8,1.0
doomfist,europe,diamond,9.8,50.8,17.7
dva,europe,diamond,5.3,46.7,19.0
echo,europe,diamond,5.3,51.1,0.5
emre,europe,diamond,6.7,48.0,0.3
freja,europe,diamond,6.9,51.0,48.7
genji,europe,diamond,16.8,52.2,3.6
hanzo,europe,diamond,7.4,48.9,2.1
hazard,europe,diamond,5.4,52.2,12.3
illari,europe,diamond,4.4,49.8,0.1
jetpack-cat,europe,diamond,9.5,54.7,49.8
junker-queen,europe,diamond,4.2,52.3,0.3
junkrat,europe,diamond,4.7,52.2,1.1
juno,europe,diamond,17.9,51.4,0.2
kiriko,europe,diamond,37.4,46.0,8.9
lifeweaver,europe,diamond,8.7,48.4,0.8
lucio,europe,diamond,5.5,51.3,0.2
mauga,europe,diamond,5.2,49.3,34.9
mei,europe,diamond,5.1,49.6,0.9
mercy,europe,diamond,15.1,50.7,14.8
mizuki,europe,diamond,10.6,48.6,12.5
moira,europe,diamond,15.8,48.3,1.0
orisa,europe,diamond,6.5,44.4,5.6
pharah,europe,diamond,4.6,53.4,5.9
ramattra,europe,diamond,4.1,45.8,2.8
reaper,europe,diamond,7.2,49.8,0.9
reinhardt,europe,diamond,9.2,51.2,1.5
roadhog,europe,diamond,7.3,46.9,18.6
shion,europe,diamond,10.8,50.6,0.8
sierra,europe,diamond,4.5,46.1,2.0
sigma,europe,diamond,8.3,49.1,4.9
sojourn,europe,diamond,17.5,46.7,2.2
soldier-76,europe,diamond,16.1,50.1,0.4
sombra,europe,diamond,3.9,46.5,3.6
symmetra,europe,diamond,2.1,51.6,0.8
torbjorn,europe,diamond,3.8,51.1,0.3
tracer,europe,diamond,13.6,52.1,11.3
vendetta,europe,diamond,2.9,50.7,1.0
venture,europe,diamond,2.2,52.0,0.4
widowmaker,europe,diamond,6.5,51.4,12.5
winston,europe,diamond,7.0,49.8,2.7
wrecking-ball,europe,diamond,6.0,49.6,17.5
wuyang,europe,diamond,7.1,52.0,0.1
zarya,europe,diamond,6.1,48.8,21.8
zenyatta,europe,diamond,11.9,52.3,5.5
ana,europe,master,41.6,48.8,10.2
anran,europe,master,3.4,50.5,1.9
ashe,europe,master,9.8,51.6,0.3
baptiste,europe,master,6.5,47.8,0.0
bastion,europe,master,8.3,47.7,3.4
brigitte,europe,master,8.6,51.0,0.6
cassidy,europe,master,26.3,46.6,19.5
dmon,europe,master,12.8,53.2,19.0
domina,europe,master,1.8,51.1,0.4
doomfist,europe,master,10.5,49.7,11.4
dva,europe,master,5.6,47.4,23.4
echo,europe,master,6.0,50.6,0.5
emre,europe,master,5.8,47.2,0.2
freja,europe,master,6.9,49.8,59.3
genji,europe,master,16.3,51.3,1.3
hanzo,europe,master,5.4,48.9,0.6
hazard,europe,master,7.0,52.0,14.5
illari,europe,master,5.3,50.0,0.1
jetpack-cat,europe,master,10.1,55.6,63.4
junker-queen,europe,master,4.1,51.6,0.3
junkrat,europe,master,4.1,53.0,0.5
juno,europe,master,17.2,50.8,0.1
kiriko,europe,master,42.8,47.3,12.2
lifeweaver,europe,master,6.9,48.7,0.6
lucio,europe,master,7.8,52.0,0.4
mauga,europe,master,6.0,48.4,36.4
mei,europe,master,3.9,49.7,0.3
mercy,europe,master,12.6,49.3,7.8
mizuki,europe,master,10.1,48.0,14.3
moira,europe,master,11.2,48.9,0.4
orisa,europe,master,6.1,46.3,4.0
pharah,europe,master,5.3,53.1,5.1
ramattra,europe,master,3.5,46.5,1.8
reaper,europe,master,7.4,49.9,0.6
reinhardt,europe,master,7.2,51.9,1.1
roadhog,europe,master,6.9,47.8,14.7
shion,europe,master,14.5,50.6,0.7
sierra,europe,master,1.8,44.3,0.3
sigma,europe,master,7.9,49.2,4.9
sojourn,europe,master,20.2,46.3,1.5
soldier-76,europe,master,14.3,50.9,0.4
sombra,europe,master,3.3,47.7,0.8
symmetra,europe,master,2.3,53.5,0.6
torbjorn,europe,master,3.1,49.5,0.2
tracer,europe,master,19.9,52.0,16.6
vendetta,europe,master,2.4,51.9,0.3
venture,europe,master,2.5,52.0,0.4
widowmaker,europe,master,6.9,50.1,10.7
winston,europe,master,7.5,48.9,1.5
wrecking-ball,europe,master,6.9,49.3,13.6
wuyang,europe,master,7.8,51.5,0.1
zarya,europe,master,6.2,49.7,15.4
zenyatta,europe,master,11.4,51.9,5.5
ana,europe,grandmaster,36.3,48.9,9.2
anran,europe,grandmaster,1.7,45.8,0.3
ashe,europe,grandmaster,6.5,52.4,0.2
baptiste,europe,grandmaster,5.6,49.8,0.0
bastion,europe,grandmaster,7.9,49.5,2.5
brigitte,europe,grandmaster,9.9,49.9,0.4
cassidy,europe,grandmaster,23.1,47.5,25.1
dmon,europe,grandmaster,15.7,54.8,23.7
domina,europe,grandmaster,1.7,52.1,0.2
doomfist,europe,grandmaster,8.1,48.5,4.6
dva,europe,grandmaster,6.5,46.7,22.8
echo,europe,grandmaster,6.9,51.3,0.5
emre,europe,grandmaster,3.9,45.5,0.1
freja,europe,grandmaster,7.8,48.2,56.6
genji,europe,grandmaster,12.3,50.8,0.7
hanzo,europe,grandmaster,3.8,49.1,0.2
hazard,europe,grandmaster,8.5,51.9,10.0
illari,europe,grandmaster,6.9,49.5,0.3
jetpack-cat,europe,grandmaster,11.9,56.3,75.0
junker-queen,europe,grandmaster,2.4,50.9,0.2
junkrat,europe,grandmaster,4.6,51.4,1.6
juno,europe,grandmaster,15.5,50.3,0.2
kiriko,europe,grandmaster,52.0,49.2,17.6
lifeweaver,europe,grandmaster,5.2,47.6,0.4
lucio,europe,grandmaster,12.0,51.2,1.1
mauga,europe,grandmaster,6.1,48.1,30.2
mei,europe,grandmaster,4.1,49.0,0.3
mercy,europe,grandmaster,7.3,47.5,2.0
mizuki,europe,grandmaster,11.0,48.0,12.8
moira,europe,grandmaster,7.4,49.0,0.2
orisa,europe,grandmaster,6.3,48.3,2.6
pharah,europe,grandmaster,5.7,51.6,5.4
ramattra,europe,grandmaster,4.4,46.0,2.4
reaper,europe,grandmaster,8.7,49.5,1.0
reinhardt,europe,grandmaster,6.3,49.6,1.5
roadhog,europe,grandmaster,6.7,45.2,9.0
shion,europe,grandmaster,19.8,48.5,1.6
sierra,europe,grandmaster,0.7,42.0,0.0
sigma,europe,grandmaster,8.0,49.5,3.8
sojourn,europe,grandmaster,23.6,48.2,0.7
soldier-76,europe,grandmaster,10.0,51.0,0.3
sombra,europe,grandmaster,2.3,47.3,0.2
symmetra,europe,grandmaster,3.8,55.2,1.2
torbjorn,europe,grandmaster,3.2,47.6,0.1
tracer,europe,grandmaster,27.5,52.4,21.9
vendetta,europe,grandmaster,2.1,48.7,0.2
venture,europe,grandmaster,2.6,54.5,0.3
widowmaker,europe,grandmaster,7.6,49.1,6.6
winston,europe,grandmaster,6.6,49.9,1.0
wrecking-ball,europe,grandmaster,6.9,50.6,20.0
wuyang,europe,grandmaster,9.1,50.1,0.2
zarya,europe,grandmaster,5.7,51.1,10.5
zenyatta,europe,grandmaster,9.7,51.4,3.4
ana,asia,bronze,22.4,49.1,3.9
anran,asia,bronze,11.8,51.3,11.0
ashe,asia,bronze,10.2,50.4,0.4
baptiste,asia,bronze,5.3,44.8,0.0
bastion,asia,bronze,15.8,49.5,1.6
brigitte,asia,bronze,2.6,45.9,0.2
cassidy,asia,bronze,13.5,48.1,0.5
dmon,asia,bronze,10.8,53.4,10.2
domina,asia,bronze,6.8,50.6,3.0
doomfist,asia,bronze,3.1,53.1,19.2
dva,asia,bronze,6.7,47.1,2.4
echo,asia,bronze,3.3,48.3,0.7
emre,asia,bronze,8.1,48.6,0.1
freja,asia,bronze,6.2,51.1,50.2
genji,asia,bronze,6.6,51.0,1.0
hanzo,asia,bronze,4.2,48.0,0.1
hazard,asia,bronze,2.3,46.9,0.6
illari,asia,bronze,5.2,49.2,0.2
jetpack-cat,asia,bronze,4.5,51.4,58.8
junker-queen,asia,bronze,1.8,51.1,0.2
junkrat,asia,bronze,7.4,50.1,1.0
juno,asia,bronze,22.8,49.4,0.3
kiriko,asia,bronze,57.1,49.8,0.9
lifeweaver,asia,bronze,4.5,43.4,0.3
lucio,asia,bronze,4.4,46.5,0.1
mauga,asia,bronze,6.5,46.0,7.3
mei,asia,bronze,8.8,52.4,3.2
mercy,asia,bronze,4.6,43.5,0.5
mizuki,asia,bronze,17.2,51.6,1.5
moira,asia,bronze,30.1,51.7,4.6
orisa,asia,bronze,14.6,45.4,6.4
pharah,asia,bronze,3.4,51.7,70.2
ramattra,asia,bronze,11.4,50.4,5.5
reaper,asia,bronze,9.6,52.3,1.5
reinhardt,asia,bronze,7.5,51.6,2.6
roadhog,asia,bronze,4.0,43.4,1.6
shion,asia,bronze,13.2,48.3,1.0
sierra,asia,bronze,22.2,49.0,4.5
sigma,asia,bronze,15.1,52.8,6.0
sojourn,asia,bronze,15.7,44.5,0.2
soldier-76,asia,bronze,14.5,49.7,0.2
sombra,asia,bronze,2.8,48.2,49.6
symmetra,asia,bronze,4.0,54.9,3.7
torbjorn,asia,bronze,5.6,52.2,0.3
tracer,asia,bronze,5.1,50.5,4.4
vendetta,asia,bronze,3.0,52.2,1.7
venture,asia,bronze,1.7,50.0,0.1
widowmaker,asia,bronze,3.1,45.8,1.3
winston,asia,bronze,4.7,49.3,4.7
wrecking-ball,asia,bronze,1.8,49.5,11.0
wuyang,asia,bronze,9.9,51.4,0.2
zarya,asia,bronze,2.8,52.4,69.3
zenyatta,asia,bronze,9.4,51.9,0.8
ana,asia,silver,29.0,48.2,5.3
anran,asia,silver,12.3,52.0,12.6
ashe,asia,silver,10.7,49.9,0.4
baptiste,asia,silver,5.2,44.2,0.1
bastion,asia,silver,14.1,48.6,2.2
brigitte,asia,silver,2.9,47.9,0.1
cassidy,asia,silver,17.3,47.3,0.9
dmon,asia,silver,11.4,54.3,8.5
domina,asia,silver,4.9,49.2,2.3
doomfist,asia,silver,3.9,51.1,19.7
dva,asia,silver,5.9,45.4,2.6
echo,asia,silver,3.6,48.0,0.5
emre,asia,silver,8.0,48.6,0.1
freja,asia,silver,5.5,49.2,57.7
genji,asia,silver,6.9,50.7,0.8
hanzo,asia,silver,3.9,49.5,0.2
hazard,asia,silver,2.4,48.5,0.7
illari,asia,silver,4.4,48.2,0.1
jetpack-cat,asia,silver,5.6,52.8,48.3
junker-queen,asia,silver,2.0,50.5,0.2
junkrat,asia,silver,6.8,50.2,0.8
juno,asia,silver,16.7,49.8,0.2
kiriko,asia,silver,58.0,48.7,1.1
lifeweaver,asia,silver,4.8,46.2,0.3
lucio,asia,silver,3.8,47.7,0.2
mauga,asia,silver,6.8,47.3,10.8
mei,asia,silver,9.2,52.5,4.9
mercy,asia,silver,3.9,44.7,0.4
mizuki,asia,silver,15.7,50.8,3.1
moira,asia,silver,30.3,51.7,4.1
orisa,asia,silver,13.7,46.3,7.0
pharah,asia,silver,3.8,53.1,63.7
ramattra,asia,silver,10.7,49.4,5.8
reaper,asia,silver,12.5,51.5,1.9
reinhardt,asia,silver,7.8,51.7,2.6
roadhog,asia,silver,4.0,43.0,2.0
shion,asia,silver,11.6,48.8,0.8
sierra,asia,silver,17.5,48.8,3.5
sigma,asia,silver,15.5,52.0,6.1
sojourn,asia,silver,14.5,45.1,0.1
soldier-76,asia,silver,14.1,49.2,0.1
sombra,asia,silver,3.0,48.3,34.8
symmetra,asia,silver,4.8,54.4,7.3
torbjorn,asia,silver,5.5,52.2,0.5
tracer,asia,silver,6.2,49.0,2.9
vendetta,asia,silver,3.3,50.9,1.5
venture,asia,silver,2.2,53.6,0.3
widowmaker,asia,silver,2.8,47.4,1.1
winston,asia,silver,5.3,49.1,4.4
wrecking-ball,asia,silver,1.9,49.8,10.3
wuyang,asia,silver,10.0,52.5,0.2
zarya,asia,silver,3.7,51.7,65.7
zenyatta,asia,silver,9.6,51.8,1.1
ana,asia,gold,35.9,48.5,5.3
anran,asia,gold,11.4,51.7,11.0
ashe,asia,gold,11.2,50.6,0.4
baptiste,asia,gold,5.4,44.2,0.1
bastion,asia,gold,11.5,48.1,2.4
brigitte,asia,gold,3.5,48.0,0.1
cassidy,asia,gold,21.7,46.9,1.7
dmon,asia,gold,11.3,53.2,8.6
domina,asia,gold,3.6,49.7,1.5
doomfist,asia,gold,5.3,51.3,20.4
dva,asia,gold,5.5,46.0,2.9
echo,asia,gold,4.0,48.5,0.5
emre,asia,gold,7.7,48.5,0.1
freja,asia,gold,5.0,50.8,68.6
genji,asia,gold,8.7,51.7,0.8
hanzo,asia,gold,4.4,49.4,0.2
hazard,asia,gold,3.0,50.5,0.9
illari,asia,gold,3.9,48.0,0.1
jetpack-cat,asia,gold,6.7,53.1,46.3
junker-queen,asia,gold,2.4,50.9,0.2
junkrat,asia,gold,5.9,50.6,0.6
juno,asia,gold,13.6,50.5,0.1
kiriko,asia,gold,58.0,48.7,1.1
lifeweaver,asia,gold,5.2,47.1,0.3
lucio,asia,gold,3.6,48.7,0.2
mauga,asia,gold,6.6,47.8,16.3
mei,asia,gold,8.8,50.9,5.3
mercy,asia,gold,3.6,44.7,0.4
mizuki,asia,gold,13.3,49.9,5.7
moira,asia,gold,26.3,51.1,3.0
orisa,asia,gold,13.2,46.3,8.5
pharah,asia,gold,4.7,53.1,54.0
ramattra,asia,gold,9.3,49.0,6.0
reaper,asia,gold,13.1,51.3,1.8
reinhardt,asia,gold,8.5,51.6,2.5
roadhog,asia,gold,4.4,43.1,2.5
shion,asia,gold,10.6,49.5,0.8
sierra,asia,gold,13.1,48.5,2.4
sigma,asia,gold,14.1,52.4,5.7
sojourn,asia,gold,14.5,45.5,0.2
soldier-76,asia,gold,13.5,49.0,0.1
sombra,asia,gold,3.4,48.2,23.2
symmetra,asia,gold,5.2,54.1,9.2
torbjorn,asia,gold,5.2,52.2,0.5
tracer,asia,gold,8.0,48.8,2.3
vendetta,asia,gold,3.1,50.2,1.3
venture,asia,gold,2.5,52.6,0.3
widowmaker,asia,gold,2.8,48.9,0.9
winston,asia,gold,5.8,48.1,3.3
wrecking-ball,asia,gold,2.4,49.4,10.5
wuyang,asia,gold,10.8,52.5,0.3
zarya,asia,gold,4.8,51.0,55.0
zenyatta,asia,gold,10.1,51.9,1.3
ana,asia,platinum,41.0,49.2,5.2
anran,asia,platinum,10.2,51.2,8.7
ashe,asia,platinum,10.8,51.1,0.3
baptiste,asia,platinum,5.7,44.8,0.1
bastion,asia,platinum,8.8,47.8,1.9
brigitte,asia,platinum,4.3,47.9,0.2
cassidy,asia,platinum,26.3,46.9,2.6
dmon,asia,platinum,11.9,53.2,9.4
domina,asia,platinum,2.7,50.3,0.8
doomfist,asia,platinum,6.9,50.7,20.0
dva,asia,platinum,5.4,45.7,3.4
echo,asia,platinum,4.6,49.4,0.4
emre,asia,platinum,7.7,49.5,0.2
freja,asia,platinum,4.3,50.7,78.4
genji,asia,platinum,11.2,51.5,0.8
hanzo,asia,platinum,4.5,49.1,0.2
hazard,asia,platinum,3.5,51.4,1.3
illari,asia,platinum,3.5,48.1,0.1
jetpack-cat,asia,platinum,7.6,53.9,50.9
junker-queen,asia,platinum,2.6,51.9,0.2
junkrat,asia,platinum,4.9,50.6,0.4
juno,asia,platinum,11.5,50.7,0.1
kiriko,asia,platinum,56.8,48.3,1.3
lifeweaver,asia,platinum,4.9,46.7,0.4
lucio,asia,platinum,3.8,48.1,0.1
mauga,asia,platinum,6.1,47.8,21.2
mei,asia,platinum,8.1,50.5,4.5
mercy,asia,platinum,3.2,45.6,0.5
mizuki,asia,platinum,12.0,49.3,8.5
moira,asia,platinum,22.9,50.9,2.4
orisa,asia,platinum,12.0,46.5,10.8
pharah,asia,platinum,5.6,52.7,45.0
ramattra,asia,platinum,7.9,49.0,5.2
reaper,asia,platinum,12.7,51.1,1.6
reinhardt,asia,platinum,8.1,51.2,2.2
roadhog,asia,platinum,4.6,42.9,2.9
shion,asia,platinum,10.7,50.7,0.6
sierra,asia,platinum,8.9,48.4,1.5
sigma,asia,platinum,13.1,52.4,5.3
sojourn,asia,platinum,15.5,45.7,0.2
soldier-76,asia,platinum,11.9,49.4,0.2
sombra,asia,platinum,3.7,46.8,15.1
symmetra,asia,platinum,5.3,54.2,7.7
torbjorn,asia,platinum,5.1,52.3,0.4
tracer,asia,platinum,10.7,48.7,2.0
vendetta,asia,platinum,3.0,49.4,0.9
venture,asia,platinum,2.8,52.6,0.4
widowmaker,asia,platinum,2.9,49.0,1.1
winston,asia,platinum,6.6,49.0,2.4
wrecking-ball,asia,platinum,3.2,49.8,10.4
wuyang,asia,platinum,12.5,52.4,0.4
zarya,asia,platinum,5.4,49.3,43.6
zenyatta,asia,platinum,10.4,51.9,1.5
ana,asia,diamond,40.8,49.8,6.4
anran,asia,diamond,6.0,50.2,2.1
ashe,asia,diamond,7.7,52.1,0.2
baptiste,asia,diamond,5.4,45.8,0.0
bastion,asia,diamond,5.5,48.3,0.8
brigitte,asia,diamond,6.5,48.9,0.2
cassidy,asia,diamond,32.3,47.9,5.6
dmon,asia,diamond,11.6,52.5,13.0
domina,asia,diamond,1.9,51.1,0.2
doomfist,asia,diamond,10.4,51.5,17.3
dva,asia,diamond,5.2,45.1,6.3
echo,asia,diamond,6.5,50.6,0.6
emre,asia,diamond,7.3,50.1,0.1
freja,asia,diamond,3.5,51.0,86.7
genji,asia,diamond,13.9,51.1,0.3
hanzo,asia,diamond,4.1,49.8,0.2
hazard,asia,diamond,6.4,53.8,2.7
illari,asia,diamond,4.2,47.7,0.2
jetpack-cat,asia,diamond,10.1,53.7,61.1
junker-queen,asia,diamond,2.6,52.1,0.2
junkrat,asia,diamond,3.9,49.2,0.3
juno,asia,diamond,8.4,50.5,0.1
kiriko,asia,diamond,54.5,49.2,2.3
lifeweaver,asia,diamond,3.7,43.9,0.5
lucio,asia,diamond,5.6,47.7,0.2
mauga,asia,diamond,5.3,46.3,25.9
mei,asia,diamond,5.3,48.1,2.3
mercy,asia,diamond,2.9,45.4,0.5
mizuki,asia,diamond,11.5,48.6,14.5
moira,asia,diamond,16.2,48.9,1.1
orisa,asia,diamond,9.3,46.9,14.0
pharah,asia,diamond,7.5,53.0,34.7
ramattra,asia,diamond,5.8,49.0,3.4
reaper,asia,diamond,11.3,49.9,1.9
reinhardt,asia,diamond,6.4,48.1,1.6
roadhog,asia,diamond,4.7,43.6,2.9
shion,asia,diamond,14.9,51.2,0.5
sierra,asia,diamond,3.0,45.8,0.3
sigma,asia,diamond,11.1,52.0,6.2
sojourn,asia,diamond,17.2,47.3,0.2
soldier-76,asia,diamond,8.7,50.7,0.4
sombra,asia,diamond,4.1,46.7,3.5
symmetra,asia,diamond,4.1,53.2,1.7
torbjorn,asia,diamond,4.7,50.3,0.3
tracer,asia,diamond,19.4,49.3,2.5
vendetta,asia,diamond,2.8,49.5,0.3
venture,asia,diamond,3.0,53.5,0.3
widowmaker,asia,diamond,3.3,47.0,1.6
winston,asia,diamond,8.1,49.0,1.7
wrecking-ball,asia,diamond,4.8,48.2,5.3
wuyang,asia,diamond,19.6,53.5,0.7
zarya,asia,diamond,6.3,52.9,37.2
zenyatta,asia,diamond,10.6,51.5,1.5
ana,asia,master,35.3,50.7,8.9
anran,asia,master,3.5,48.5,0.4
ashe,asia,master,6.3,52.5,0.1
baptiste,asia,master,4.4,43.9,0.0
bastion,asia,master,4.9,47.0,0.9
brigitte,asia,master,5.9,50.5,0.1
cassidy,asia,master,33.0,49.2,8.1
dmon,asia,master,10.9,52.3,18.4
domina,asia,master,2.1,51.7,0.2
doomfist,asia,master,10.2,49.9,16.9
dva,asia,master,5.3,45.8,6.8
echo,asia,master,7.1,50.7,0.7
emre,asia,master,7.0,50.5,0.1
freja,asia,master,4.0,52.4,86.2
genji,asia,master,14.0,49.1,0.2
hanzo,asia,master,4.5,53.3,0.2
hazard,asia,master,7.9,56.2,4.2
illari,asia,master,5.1,48.7,0.4
jetpack-cat,asia,master,12.2,53.2,66.6
junker-queen,asia,master,2.9,49.7,0.2
junkrat,asia,master,3.6,48.9,0.3
juno,asia,master,7.0,50.3,0.1
kiriko,asia,master,60.3,49.5,3.4
lifeweaver,asia,master,2.6,42.0,0.2
lucio,asia,master,7.0,49.2,0.2
mauga,asia,master,5.9,47.6,21.9
mei,asia,master,4.1,45.8,1.2
mercy,asia,master,2.3,45.3,0.2
mizuki,asia,master,11.1,47.6,15.0
moira,asia,master,13.6,47.9,0.6
orisa,asia,master,8.4,47.7,15.5
pharah,asia,master,7.4,52.0,26.4
ramattra,asia,master,4.9,47.6,2.4
reaper,asia,master,10.7,49.1,2.0
reinhardt,asia,master,4.8,47.9,1.7
roadhog,asia,master,5.5,45.9,3.2
shion,asia,master,18.8,52.1,0.9
sierra,asia,master,1.1,45.8,0.0
sigma,asia,master,11.1,50.4,6.9
sojourn,asia,master,18.3,47.3,0.2
soldier-76,asia,master,7.3,50.9,0.3
sombra,asia,master,2.8,46.1,1.1
symmetra,asia,master,4.2,52.3,0.8
torbjorn,asia,master,5.0,48.3,0.2
tracer,asia,master,22.9,49.5,4.2
vendetta,asia,master,2.2,48.0,0.2
venture,asia,master,3.3,54.1,0.2
widowmaker,asia,master,4.0,48.3,1.8
winston,asia,master,8.2,48.6,1.2
wrecking-ball,asia,master,5.1,47.6,3.7
wuyang,asia,master,24.6,52.7,1.0
zarya,asia,master,6.6,54.2,39.0
zenyatta,asia,master,8.8,50.8,1.2
ana,asia,grandmaster,34.3,51.0,7.8
anran,asia,grandmaster,1.6,39.1,0.3
ashe,asia,grandmaster,5.0,51.0,0.0
baptiste,asia,grandmaster,3.9,49.6,0.0
bastion,asia,grandmaster,3.9,45.7,0.5
brigitte,asia,grandmaster,4.8,44.4,0.1
cassidy,asia,grandmaster,35.4,50.9,12.5
dmon,asia,grandmaster,11.1,52.2,23.1
domina,asia,grandmaster,1.8,48.6,0.1
doomfist,asia,grandmaster,9.6,49.8,14.8
dva,asia,grandmaster,6.8,45.8,11.9
echo,asia,grandmaster,7.1,51.2,0.4
emre,asia,grandmaster,6.7,50.7,0.0
freja,asia,grandmaster,5.6,53.5,78.6
genji,asia,grandmaster,10.4,45.0,0.1
hanzo,asia,grandmaster,5.1,58.6,0.5
hazard,asia,grandmaster,8.1,51.6,3.6
illari,asia,grandmaster,6.3,53.9,0.5
jetpack-cat,asia,grandmaster,14.3,51.3,70.0
junker-queen,asia,grandmaster,1.7,44.2,0.2
junkrat,asia,grandmaster,1.9,47.3,0.1
juno,asia,grandmaster,4.5,45.0,0.1
kiriko,asia,grandmaster,67.3,50.4,3.4
lifeweaver,asia,grandmaster,1.5,37.2,0.1
lucio,asia,grandmaster,6.8,47.4,0.3
mauga,asia,grandmaster,5.7,48.5,14.2
mei,asia,grandmaster,3.0,49.6,1.2
mercy,asia,grandmaster,1.0,41.0,0.2
mizuki,asia,grandmaster,11.1,49.2,17.4
moira,asia,grandmaster,9.9,46.4,0.7
orisa,asia,grandmaster,8.2,50.1,13.5
pharah,asia,grandmaster,7.1,55.4,17.2
ramattra,asia,grandmaster,4.5,46.3,2.1
reaper,asia,grandmaster,7.7,48.8,1.4
reinhardt,asia,grandmaster,4.4,42.4,1.5
roadhog,asia,grandmaster,4.6,46.8,3.8
shion,asia,grandmaster,24.4,49.7,2.0
sierra,asia,grandmaster,0.4,41.2,0.1
sigma,asia,grandmaster,13.7,52.4,8.2
sojourn,asia,grandmaster,21.8,48.9,0.4
soldier-76,asia,grandmaster,4.7,48.3,0.3
sombra,asia,grandmaster,1.5,46.4,0.3
symmetra,asia,grandmaster,5.6,50.8,1.5
torbjorn,asia,grandmaster,3.4,48.0,0.1
tracer,asia,grandmaster,26.7,50.4,4.9
vendetta,asia,grandmaster,2.1,48.5,0.1
venture,asia,grandmaster,2.5,49.7,0.1
widowmaker,asia,grandmaster,6.3,42.4,2.5
winston,asia,grandmaster,6.6,47.2,0.7
wrecking-ball,asia,grandmaster,6.6,51.1,6.7
wuyang,asia,grandmaster,25.0,52.7,3.2
zarya,asia,grandmaster,6.7,57.4,38.4
zenyatta,asia,grandmaster,9.1,47.7,2.1
