section,cluster_name,count
Part 10: Majors and Courses,Academic Credit and Procedures,35
Part 10: Majors and Courses,Chinese Language and China Studies,94
Part 10: Majors and Courses,Degree Requirements and Electives,109
Part 10: Majors and Courses,"Health, Society, and Research",155
Part 10: Majors and Courses,"Media, Arts, and Culture",128
Part 10: Majors and Courses,"Politics, History, and Global Studies",207
Part 10: Majors and Courses,STEM Courses and Prerequisites,160
Part 10: Majors and Courses,University Policies and Student Life,3
Part 11: Academic Calendar 2021-22,Academic Credit and Procedures,5
Part 11: Academic Calendar 2021-22,STEM Courses and Prerequisites,1
Part 12: Useful Contacts,University Policies and Student Life,1
Part 1: General Information,Chinese Language and China Studies,1
Part 1: General Information,"Media, Arts, and Culture",2
Part 1: General Information,University Policies and Student Life,10
Part 2: A Liberal Arts Education at Duke Kunshan University,"Health, Society, and Research",4
Part 2: A Liberal Arts Education at Duke Kunshan University,"Media, Arts, and Culture",2
Part 2: A Liberal Arts Education at Duke Kunshan University,"Politics, History, and Global Studies",1
Part 2: A Liberal Arts Education at Duke Kunshan University,University Policies and Student Life,4
Part 3: The Curriculum,Academic Credit and Procedures,17
Part 3: The Curriculum,Chinese Language and China Studies,2
Part 3: The Curriculum,"Health, Society, and Research",3
Part 3: The Curriculum,"Media, Arts, and Culture",2
Part 3: The Curriculum,University Policies and Student Life,8
"Part 4: Admission, Scholarships and Financial Aid",Academic Credit and Procedures,5
"Part 4: Admission, Scholarships and Financial Aid",Chinese Language and China Studies,2
"Part 4: Admission, Scholarships and Financial Aid",University Policies and Student Life,4
Part 5: Financial Information,Academic Credit and Procedures,17
Part 5: Financial Information,Chinese Language and China Studies,4
Part 5: Financial Information,University Policies and Student Life,1
Part 6: Academic Procedures and Information,Academic Credit and Procedures,58
Part 6: Academic Procedures and Information,Chinese Language and China Studies,3
Part 6: Academic Procedures and Information,"Health, Society, and Research",3
Part 6: Academic Procedures and Information,STEM Courses and Prerequisites,1
Part 6: Academic Procedures and Information,University Policies and Student Life,41
Part 7: Academic Advising and Support,Academic Credit and Procedures,2
Part 7: Academic Advising and Support,"Health, Society, and Research",6
Part 7: Academic Advising and Support,University Policies and Student Life,1
"Part 8: Career Services, Study Away, and Research Opportunities",Academic Credit and Procedures,1
"Part 8: Career Services, Study Away, and Research Opportunities","Health, Society, and Research",2
"Part 8: Career Services, Study Away, and Research Opportunities",University Policies and Student Life,6
Part 9: Student Affairs and Campus Life,Academic Credit and Procedures,1
Part 9: Student Affairs and Campus Life,Chinese Language and China Studies,1
Part 9: Student Affairs and Campus Life,"Health, Society, and Research",9
Part 9: Student Affairs and Campus Life,University Policies and Student Life,15
