section,passage_count,average_words
Part 10: Majors and Courses,891,82.97
Part 11: Academic Calendar 2021-22,6,127.67
Part 12: Useful Contacts,1,122.0
Part 1: General Information,13,134.23
Part 2: A Liberal Arts Education at Duke Kunshan University,11,57.73
Part 3: The Curriculum,32,125.06
"Part 4: Admission, Scholarships and Financial Aid",11,81.18
Part 5: Financial Information,22,68.32
Part 6: Academic Procedures and Information,106,150.45
Part 7: Academic Advising and Support,9,113.0
"Part 8: Career Services, Study Away, and Research Opportunities",9,260.78
Part 9: Student Affairs and Campus Life,26,98.54
